{
  "leftBounds": {
    "upperLeft": {
      "x": -0.39333332,
      "y": -0.33999997,
      "z": 0.0
    },
    "upperRight": {
      "x": 0.3133334,
      "y": -0.26999998,
      "z": 0.0
    },
    "lowerLeft": {
      "x": -0.39999998,
      "y": 0.20000005,
      "z": 0.0
    },
    "lowerRight": {
      "x": 0.30333328,
      "y": 0.23000002,
      "z": 0.0
    }
  },
  "rightBounds": {
    "upperLeft": {
      "x": -0.50666666,
      "y": -0.36,
      "z": 0.0
    },
    "upperRight": {
      "x": 0.5666667,
      "y": -0.4033333,
      "z": 0.0
    },
    "lowerLeft": {
      "x": -0.5333333,
      "y": 0.3066666,
      "z": 0.0
    },
    "lowerRight": {
      "x": 0.5866667,
      "y": 0.25,
      "z": 0.0
    }
  },
  "effectLocations": {
    "74": {
      "x": 385.05075,
      "y": 123.03157,
      "z": 0.0
    },
    "76": {
      "x": 259.67004,
      "y": 456.62796,
      "z": 0.0
    },
    "77": {
      "x": 421.27048,
      "y": 3.2670379,
      "z": 0.0
    },
    "79": {
      "x": 523.4342,
      "y": 537.25275,
      "z": 0.0
    },
    "80": {
      "x": 490.7687,
      "y": 20.305752,
      "z": 0.0
    },
    "81": {
      "x": 263.2958,
      "y": 280.39194,
      "z": 0.0
    },
    "82": {
      "x": 175.28987,
      "y": 156.2534,
      "z": 0.0
    },
    "83": {
      "x": 185.36664,
      "y": 282.19095,
      "z": 0.0
    },
    "84": {
      "x": 110.04281,
      "y": 74.571594,
      "z": 0.0
    },
    "85": {
      "x": 256.13443,
      "y": 65.19835,
      "z": 0.0
    },
    "86": {
      "x": 115.30094,
      "y": 363.7145,
      "z": 0.0
    },
    "88": {
      "x": 237.06165,
      "y": 456.48022,
      "z": 0.0
    },
    "89": {
      "x": 83.14387,
      "y": 260.97394,
      "z": 0.0
    },
    "93": {
      "x": 560.729,
      "y": 46.886982,
      "z": 0.0
    },
    "95": {
      "x": 33.279705,
      "y": 492.92206,
      "z": 0.0
    }
  },
  "leftSafetyZoneImageLocation": "leftSafetyZone.png",
  "rightSafetyZoneImageLocation": "rightSafetyZone.png"
}