{
  "leftBounds": {
    "upperLeft": {
      "x": -0.6066667,
      "y": -0.56,
      "z": 0.0
    },
    "upperRight": {
      "x": 0.41999996,
      "y": -0.57,
      "z": 0.0
    },
    "lowerLeft": {
      "x": -0.5233333,
      "y": 0.59000003,
      "z": 0.0
    },
    "lowerRight": {
      "x": 0.31666672,
      "y": 0.5633334,
      "z": 0.0
    }
  },
  "rightBounds": {
    "upperLeft": {
      "x": -0.6066667,
      "y": -0.56,
      "z": 0.0
    },
    "upperRight": {
      "x": 0.41999996,
      "y": -0.57,
      "z": 0.0
    },
    "lowerLeft": {
      "x": -0.5233333,
      "y": 0.59000003,
      "z": 0.0
    },
    "lowerRight": {
      "x": 0.31666672,
      "y": 0.5633334,
      "z": 0.0
    }
  },
  "effectLocations": {
    "69": {
      "x": 495.42438,
      "y": 490.55478,
      "z": 0.0
    },
    "75": {
      "x": 618.69965,
      "y": 121.53543,
      "z": 0.0
    },
    "74": {
      "x": 659.4468,
      "y": 289.10245,
      "z": 0.0
    },
    "70": {
      "x": 417.5321,
      "y": 289.7527,
      "z": 0.0
    },
    "65": {
      "x": 384.91522,
      "y": 146.9047,
      "z": 0.0
    },
    "67": {
      "x": 719.8405,
      "y": 248.81241,
      "z": 0.0
    },
    "68": {
      "x": 643.385,
      "y": 487.15897,
      "z": 0.0
    },
    "73": {
      "x": 534.18,
      "y": 419.02972,
      "z": 0.0
    },
    "77": {
      "x": 762.81085,
      "y": 144.21011,
      "z": 0.0
    },
    "84": {
      "x": 98.48113,
      "y": 378.25906,
      "z": 0.0
    },
    "79": {
      "x": 473.19202,
      "y": 565.1858,
      "z": 0.0
    },
    "66": {
      "x": 744.8823,
      "y": 163.99008,
      "z": 0.0
    },
    "88": {
      "x": 801.97064,
      "y": 188.28328,
      "z": 0.0
    },
    "82": {
      "x": 218.16916,
      "y": 264.79044,
      "z": 0.0
    },
    "90": {
      "x": 573.98724,
      "y": 209.75977,
      "z": 0.0
    },
    "101": {
      "x": 193.68918,
      "y": 558.98145,
      "z": 0.0
    },
    "95": {
      "x": 326.03015,
      "y": 179.05849,
      "z": 0.0
    },
    "71": {
      "x": 178.20868,
      "y": 527.96063,
      "z": 0.0
    },
    "80": {
      "x": 257.7037,
      "y": 398.34982,
      "z": 0.0
    },
    "97": {
      "x": 1139.85,
      "y": 158.05074,
      "z": 0.0
    },
    "91": {
      "x": 1140.6991,
      "y": 507.8703,
      "z": 0.0
    },
    "85": {
      "x": 653.6384,
      "y": 174.65752,
      "z": 0.0
    },
    "92": {
      "x": 80.32372,
      "y": 357.71103,
      "z": 0.0
    },
    "99": {
      "x": 1130.285,
      "y": 99.01582,
      "z": 0.0
    },
    "96": {
      "x": 408.0551,
      "y": 85.821,
      "z": 0.0
    },
    "94": {
      "x": 631.9181,
      "y": 292.91214,
      "z": 0.0
    },
    "83": {
      "x": 603.94916,
      "y": 543.24646,
      "z": 0.0
    },
    "87": {
      "x": 541.24097,
      "y": 238.24225,
      "z": 0.0
    },
    "102": {
      "x": 361.17426,
      "y": 328.8572,
      "z": 0.0
    },
    "108": {
      "x": 1099.5369,
      "y": 268.81012,
      "z": 0.0
    },
    "105": {
      "x": 137.37602,
      "y": 302.24643,
      "z": 0.0
    },
    "103": {
      "x": 92.63821,
      "y": 45.55968,
      "z": 0.0
    },
    "93": {
      "x": 35.85019,
      "y": 427.6751,
      "z": 0.0
    }
  }
}