{
  "leftBounds": {
    "upperLeft": {
      "x": -0.6066667,
      "y": -0.56,
      "z": 0.0
    },
    "upperRight": {
      "x": 0.41999996,
      "y": -0.57,
      "z": 0.0
    },
    "lowerLeft": {
      "x": -0.5233333,
      "y": 0.59000003,
      "z": 0.0
    },
    "lowerRight": {
      "x": 0.31666672,
      "y": 0.5633334,
      "z": 0.0
    }
  },
  "rightBounds": {
    "upperLeft": {
      "x": -0.6066667,
      "y": -0.56,
      "z": 0.0
    },
    "upperRight": {
      "x": 0.41999996,
      "y": -0.57,
      "z": 0.0
    },
    "lowerLeft": {
      "x": -0.5233333,
      "y": 0.59000003,
      "z": 0.0
    },
    "lowerRight": {
      "x": 0.31666672,
      "y": 0.5633334,
      "z": 0.0
    }
  }
}